{
  "MILP": {
    "objective_z": 0.0,
    "unmet_demand": 0.0,
    "inference_time": 0.850196123123169,
    "optimality_gap": 0.0,
    "violations": 0
  },
  "NearestNeighbor": {
    "objective_z": 215.94145075999432,
    "unmet_demand": 2.0,
    "inference_time": 0.0005097389221191406,
    "optimality_gap": null,
    "violations": 0
  },
  "OR-Tools": {
    "objective_z": 131.58349291956165,
    "unmet_demand": 2.0,
    "inference_time": 60.08727502822876,
    "optimality_gap": null,
    "violations": 0
  },
  "Random": {
    "objective_z": 758.3850406020508,
    "unmet_demand": 10.0,
    "inference_time": 0.0009632110595703125,
    "optimality_gap": null,
    "violations": 0
  },
  "HGA2C_greedy": {
    "objective_z": 687.1971069360725,
    "unmet_demand": 13.0,
    "inference_time": 0.25684523582458496,
    "optimality_gap": null,
    "violations": 0
  },
  "HGA2C_stochastic": {
    "objective_z": 662.2490017181293,
    "objective_z_std": 40.095534464762906,
    "unmet_demand": 12.466666666666667,
    "inference_time": 0.206997807820638,
    "optimality_gap": null,
    "violations": 0
  }
}